DELETE FROM public.order_item;
DELETE FROM public.book_order;
DELETE FROM public.payment;
DELETE FROM public.customer;

insert into public.customer (id, username, first_name, last_name, email, address_street, address_city, address_state_province, address_postal_code, address_country, credit_card_type, credit_card_number, credit_card_expiration_month, credit_card_expiration_year)
values  (10000, 'cscoular0', 'Corabelle', 'Scoular', 'cscoular0@tinyurl.com', 'Myrtle', 'Bern', 'BE', '3030', 'Switzerland', 'MASTER_CARD', '5100137730185616', 4, 2028),
        (10001, 'shardstaff1', 'Sherm', 'Hardstaff', 'shardstaff1@nymag.com', 'Vidon', 'Zürich', 'ZH', '8023', 'Switzerland', 'VISA', '5100174824459060', 6, 2027),
        (10002, 'kodempsey2', 'Kass', 'O''Dempsey', 'kodempsey2@cbsnews.com', 'Corscot', 'Thun', 'BE', '3604', 'Switzerland', 'VISA', '5100137730185616', 11, 2026),
        (10003, 'acalver3', 'Almire', 'Calver', 'acalver3@washingtonpost.com', 'Forest Run', 'Luzern', 'LU', '6015', 'Switzerland', 'MASTER_CARD', '5100174824459060', 2, 2023),
        (10004, 'damaya4', 'Dionne', 'Amaya', 'damaya4@istockphoto.com', 'Valley Edge', 'Luzern', 'LU', '6015', 'Switzerland', 'VISA', '5048372463443966', 6, 2024),
        (10005, 'abaudacci5', 'Alysia', 'Baudacci', 'abaudacci5@angelfire.com', 'Rutledge', 'Bern', 'BE', '3030', 'Switzerland', 'MASTER_CARD', '5048370170589568', 11, 2026),
        (10006, 'acluney6', 'Angil', 'Cluney', 'acluney6@webs.com', 'Dapin', 'Basel', 'BS', '4085', 'Switzerland', 'MASTER_CARD', '4041591690600011', 1, 2023),
        (10007, 'cfforde7', 'Chrisy', 'Fforde', 'cfforde7@dailymotion.com', 'La Follette', 'Zürich', 'ZH', '8023', 'Switzerland', 'MASTER_CARD', '4041377212507250', 5, 2024),
        (10008, 'kjefford8', 'Katee', 'Jefford', 'kjefford8@istockphoto.com', 'Bayside', 'Thun', 'BE', '3604', 'Switzerland', 'MASTER_CARD', '4017958426231', 7, 2024),
        (10009, 'kyeaman9', 'Krystalle', 'Yeaman', 'kyeaman9@prlog.org', 'Cascade', 'Basel', 'BS', '4024', 'Switzerland', 'MASTER_CARD', '4017958426231', 3, 2023),
        (10010, 'cpryora', 'Cynthia', 'Pryor', 'cpryora@huffingtonpost.com', 'Sachs', 'Basel', 'BS', '4085', 'Switzerland', 'VISA', '5007668130670413', 12, 2024),
        (10011, 'ryansonsb', 'Rivalee', 'Yansons', 'ryansonsb@pen.io', 'Meadow Ridge', 'Basel', 'BS', '4055', 'Switzerland', 'VISA', '5007668130670413', 5, 2022),
        (10012, 'rlethamc', 'Richy', 'Letham', 'rlethamc@ox.ac.uk', 'Novick', 'Basel', 'BS', '4010', 'Switzerland', 'MASTER_CARD', '4017958426231', 6, 2023),
        (10013, 'mcribbinsd', 'Marline', 'Cribbins', 'mcribbinsd@eventbrite.com', 'Laurel', 'Zürich', 'ZH', '8031', 'Switzerland', 'VISA', '5048370170589568', 3, 2024),
        (10014, 'rlambine', 'Reinhold', 'Lambin', 'rlambine@diigo.com', 'Gerald', 'Bern', 'BE', '3030', 'Switzerland', 'MASTER_CARD', '5100137730185616', 4, 2028),
        (10015, 'gtathamf', 'Guglielmo', 'Tatham', 'gtathamf@google.pl', 'Oak', 'Zürich', 'ZH', '8023', 'Switzerland', 'VISA', '5048370170589568', 11, 2024),
        (10016, 'ckendellg', 'Con', 'Kendell', 'ckendellg@paginegialle.it', 'Charing Cross', 'Chur', 'GR', '7006', 'Switzerland', 'VISA', '4041377212507250', 12, 2024),
        (10017, 'ecauseyh', 'Ely', 'Causey', 'ecauseyh@comcast.net', 'Kings', 'Luzern', 'LU', '6015', 'Switzerland', 'VISA', '5007668130670413', 8, 2024),
        (10018, 'sreami', 'Sibella', 'Ream', 'sreami@yolasite.com', 'Doe Crossing', 'Winterthur', 'ZH', '8411', 'Switzerland', 'MASTER_CARD', '4041591690600011', 2, 2027),
        (10019, 'mchatburnj', 'Moses', 'Chatburn', 'mchatburnj@icq.com', 'Farmco', 'Zürich', 'ZH', '8042', 'Switzerland', 'MASTER_CARD', '5100174824459060', 5, 2027),
        (10020, 'Igor', 'Igor', 'Stojanovic', 'nunigu@gmail.com', 'Stauffacherstr. 27', 'Bern', 'BE', '3014', 'Switzerland', 'VISA', '54001105080960', 12, 2026);



insert into public.payment (id, payment_date, amount, credit_card_number, transaction_id)
values  (10000, '2021-02-03 14:17:00.000000', 1685.14, '5100174824459060', '1000'),
        (10001, '2021-03-01 05:49:00.000000', 1600.57, '4041377212507250', '1001'),
        (10002, '2021-09-18 05:41:00.000000', 626.51, '4041377212507250', '1002'),
        (10003, '2021-07-17 14:11:00.000000', 1444.74, '4041591690600011', '1003'),
        (10004, '2021-09-27 02:51:00.000000', 1633.84, '5048372463443966', '1004'),
        (10005, '2021-05-15 15:02:00.000000', 1639.90, '5048370170589568', '1005'),
        (10006, '2021-10-30 07:26:00.000000', 1707.04, '5007668130670413', '1006'),
        (10007, '2021-05-16 10:00:00.000000', 2068.72, '4041591690600011', '1007'),
        (10008, '2020-12-14 05:53:00.000000', 1161.18, '4041377212507250', '1008'),
        (10009, '2021-03-06 11:25:00.000000', 942.25, '5100137730185616', '1009'),
        (10010, '2021-01-26 02:56:00.000000', 1607.77, '5007668130670413', '1010'),
        (10011, '2021-11-13 01:50:00.000000', 858.56, '5048372463443966', '1011'),
        (10012, '2021-06-28 03:17:00.000000', 1281.41, '4041377212507250', '1012'),
        (10013, '2021-04-16 23:26:00.000000', 1170.67, '5100137730185616', '1013'),
        (10014, '2021-02-06 19:17:00.000000', 2567.85, '5048370170589568', '1014'),
        (10015, '2020-11-16 17:29:00.000000', 1214.83, '5048370170589568', '1015'),
        (10016, '2021-09-06 01:24:00.000000', 1677.71, '5100174824459060', '1016'),
        (10017, '2021-10-16 18:29:00.000000', 1280.67, '5007668130670413', '1017'),
        (10018, '2021-01-31 17:50:00.000000', 1328.37, '4041377212507250', '1018'),
        (10019, '2021-03-24 22:56:00.000000', 563.52, '4017958426231', '1019'),
        (10020, CURRENT_TIMESTAMP, 77.85, '54001105080960', '1020'),
        (10021, '2019-02-03 14:17:00.000000', 76.46, '54001105080960', '1021'),
        (10022, '2021-03-24 22:56:00.000000', 76.46, '54001105080960', '1022');



insert into public.book_order (id, order_date, amount, status, customer_id, address_city, address_country, address_postal_code, address_state_province, address_street, payment_id)
values  (100000, '2021-02-03 14:17:00.000000', 1685.14, 'PROCESSING', 10000, 'Thun', 'Switzerland', '3604', 'BE', 'Dexter', 10000),
        (100001, '2021-03-01 05:49:00.000000', 1600.57, 'CANCELED', 10001, 'Zürich', 'Switzerland', '8023', 'ZH', 'Ridge Oak', 10001),
        (100002, '2021-09-18 05:41:00.000000', 626.51, 'ACCEPTED', 10002, 'Zürich', 'Switzerland', '8023', 'ZH', 'Twin Pines', 10002),
        (100003, '2021-07-17 14:11:00.000000', 1444.74, 'CANCELED', 10003, 'Chur', 'Switzerland', '7006', 'GR', 'Huxley', 10003),
        (100004, '2021-09-27 02:51:00.000000', 1633.84, 'PROCESSING', 10004, 'Zürich', 'Switzerland', '8023', 'ZH', 'Lyons', 10004),
        (100005, '2021-05-15 15:02:00.000000', 1639.90, 'PROCESSING', 10005, 'Bern', 'Switzerland', '3030', 'BE', 'Stang', 10005),
        (100006, '2021-10-30 07:26:00.000000', 1707.04, 'SHIPPED', 10006, 'Thun', 'Switzerland', '3604', 'BE', 'Tennessee', 10006),
        (100007, '2021-05-16 10:00:00.000000', 2068.72, 'CANCELED', 10007, 'Thun', 'Switzerland', '3604', 'BE', 'Hoepker', 10007),
        (100008, '2020-12-14 05:53:00.000000', 1161.18, 'ACCEPTED', 10008, 'Basel', 'Switzerland', '4085', 'BS', 'Almo', 10008),
        (100009, '2021-03-06 11:25:00.000000', 942.25, 'PROCESSING', 10009, 'Winterthur', 'Switzerland', '8411', 'ZH', 'Farmco', 10009),
        (100010, '2021-01-26 02:56:00.000000', 1607.77, 'PROCESSING', 10010, 'Thun', 'Switzerland', '3604', 'BE', 'Golden Leaf', 10010),
        (100011, '2021-11-13 01:50:00.000000', 858.56, 'ACCEPTED', 10011, 'Thun', 'Switzerland', '3604', 'BE', 'Tennessee', 10011),
        (100012, '2021-06-28 03:17:00.000000', 1281.41, 'SHIPPED', 10012, 'Luzern', 'Switzerland', '6015', 'LU', 'Carberry', 10012),
        (100013, '2021-04-16 23:26:00.000000', 1170.67, 'PROCESSING', 10013, 'Basel', 'Switzerland', '4024', 'BS', 'Sachs', 10013),
        (100014, '2021-02-06 19:17:00.000000', 2567.85, 'PROCESSING', 10014, 'Basel', 'Switzerland', '4010', 'BS', 'Forest', 10014),
        (100015, '2020-11-16 17:29:00.000000', 1214.83, 'CANCELED', 10015, 'Thun', 'Switzerland', '3604', 'BE', 'Red Cloud', 10015),
        (100016, '2021-09-06 01:24:00.000000', 1677.71, 'SHIPPED', 10016, 'Luzern', 'Switzerland', '6015', 'LU', 'Fallview', 10016),
        (100017, '2021-10-16 18:29:00.000000', 1280.67, 'PROCESSING', 10017, 'Thun', 'Switzerland', '3604', 'BE', 'Ilene', 10017),
        (100018, '2021-01-31 17:50:00.000000', 1328.37, 'CANCELED', 10018, 'Zürich', 'Switzerland', '8023', 'ZH', 'Shelley', 10018),
        (100019, '2021-03-24 22:56:00.000000', 563.52, 'ACCEPTED', 10019, 'Chur', 'Switzerland', '7006', 'GR', 'Weeping Birch', 10019),
        (100020, CURRENT_TIMESTAMP, 1006.35, 'ACCEPTED', 10020, 'Bern', 'Switzerland', '3014', 'BE', 'Stauffacherstr. 27', 10020),
        (100021, '2019-02-03 14:17:00.000000', 76.46, 'ACCEPTED', 10019, 'Chur', 'Switzerland', '7006', 'GR', 'Weeping Birch', 10021),
        (100022, '2021-03-24 22:56:00.000000', 76.46, 'ACCEPTED', 10010, 'Thun', 'Switzerland', '3604', 'BE', 'Golden Leaf', 10022);



insert into public.order_item (id, book_isbn, book_title, book_authors, book_publisher, book_price, quantity, order_id)
values  (1000, '4651741738', 'Intentions of Murder (a.k.a. Murderous Instincts) (Akai satsui)', 'Miles Blewis', 'Ula Frear', 91.61, 3, 100000),
        (1001, '6002830243', 'Peter Pan', 'Patin Etienne', 'Opal Emanulsson', 17.51, 1, 100001),
        (1002, '2602347221', 'Resurrecting the Street Walker', 'Evelina Bedrosian', 'Adrian Realff', 12.16, 8, 100002),
        (1003, '7648944049', 'City by the Sea', 'Joanne Di Pietro', 'Annemarie Oiseau', 77.82, 3, 100003),
        (1004, '1416181849', 'Sorry, Haters', 'Christy Leed', 'Mahmoud Jessen', 17.73, 10, 100004),
        (1005, '792362013X', 'Spy Who Loved Me, The', 'Levey Gabbett', 'Emiline Fetteplace', 54.44, 9, 100005),
        (1006, '2612457941', 'Table 7', 'Cross Juanico', 'Devan Whittington', 31.10, 6, 100006),
        (1007, '8173845247', 'Jumper', 'Evvie Hallgath', 'Mitchel Tenniswood', 39.90, 7, 100007),
        (1008, '5867343588', 'Bad Company', 'Sylvia Geaveny', 'Humberto Scotting', 45.94, 2, 100008),
        (1009, '1600000940', 'Serrallonga', 'Guglielma Duesberry', 'Lynn Stolle', 48.17, 7, 100009),
        (1010, '9246552202', 'Jungle Book', 'Jacinthe Chase', 'Margalo MacIntyre', 51.93, 4, 100010),
        (1011, '6322105817', 'Those Magnificent Men in Their Flying Machines', 'Durand Udden', 'Winslow Larne', 65.62, 1, 100011),
        (1012, '8644650033', 'The Facts of Murder', 'Benedikt Rackham', 'Golda Leyband', 49.26, 9, 100012),
        (1013, '858543743X', 'Ladies and Gentlemen, the Fabulous Stains (a.k.a. All Washed Up)', 'Bernarr Arlt', 'Guntar Okill', 17.26, 10, 100013),
        (1014, '2512674630', 'Looking for Comedy in the Muslim World', 'Cathryn Lancetter', 'Klara Langrish', 91.12, 6, 100014),
        (1015, '9626530200', 'Russia''s Toughest Prisons (National Geographic)', 'Glori Poulgreen', 'Garrek Boscott', 22.60, 6, 100015),
        (1016, '1941762794', 'Angel Levine, The', 'Ulrick Bridgman', 'Cooper Lenham', 13.01, 10, 100016),
        (1017, '3648137689', 'Luther the Geek', 'Rosabella Jedrzejczak', 'Simonette Assante', 83.02, 10, 100017),
        (1018, '0282297766', 'Spider-Man: The Ultimate Villain Showdown', 'Ivett Stenning', 'Albert Perroni', 66.32, 9, 100018),
        (1019, '7179607886', 'Jersey Boys', 'Peyton MacMenamie', 'Abie Fitt', 41.42, 3, 100019),
        (1020, '3850259242', 'Plain Dirty (a.k.a. Briar Patch)', 'Margarita Gerardeaux', 'Winni Cartin', 65.22, 9, 100020),
        (1021, '1355553687', 'All Tomorrow''s Parties', 'Gerald Lannin', 'Fielding Ashdown', 23.02, 9, 100000),
        (1022, '459979709X', 'Sands of Iwo Jima', 'Rosita Frew', 'Evyn Hawtin', 2.51, 1, 100001),
        (1023, '5553061822', 'Goya: Crazy Like a Genius', 'Valina Warrilow', 'Korry Doody', 28.23, 3, 100002),
        (1024, '6165743676', 'My Awkward Sexual Adventure', 'Fredelia Wapples', 'Giraud Brahan', 69.85, 6, 100003),
        (1025, '0379057077', 'Family Plot', 'Terri-jo Brahmer', 'Izaak Stalley', 24.96, 1, 100004),
        (1026, '4096426415', 'Career Girls', 'Belvia Guitte', 'Laurena Artiss', 39.59, 2, 100005),
        (1027, '6944377705', 'Pearl Harbor', 'Jedd Baudou', 'Sarina Chatres', 77.80, 8, 100006),
        (1028, '8606630314', 'Take Me Home', 'Ceil Beaconsall', 'Hyacinthe Dyson', 95.17, 3, 100007),
        (1029, '1633077705', 'The Prisoner', 'Templeton McQuillan', 'Teri Maving', 8.26, 9, 100008),
        (1030, '6215301566', 'Miguel and William (Miguel y William)', 'Arv Allcock', 'Janey Fairebrother', 16.56, 6, 100009),
        (1031, '2134782234', 'Memorial Day', 'Mattias Lequeux', 'Nan Oxenham', 19.55, 5, 100010),
        (1032, '2117461352', 'Armless', 'Lola Bangiard', 'Sanford Cahn', 68.20, 7, 100011),
        (1033, '8668031317', 'Under the Skin of the City (Zir-e-poost-e Shahr)', 'Emeline Clougher', 'Amargo Diben', 96.02, 2, 100012),
        (1034, '4472342049', 'Justin and the Knights of Valour', 'Bernelle Konmann', 'Sher Trusslove', 95.42, 4, 100013),
        (1035, '9210015290', 'Things to Do in Denver When You''re Dead', 'Durante Tooker', 'Wang Weich', 84.50, 4, 100014),
        (1036, '465970355X', 'Leila', 'Andres Aleshkov', 'Truman Peel', 41.34, 7, 100015),
        (1037, '4044297193', 'Musikanten', 'Jobie Skyram', 'Rorie Stonehouse', 41.78, 3, 100016),
        (1038, '9646656064', 'Chitty Chitty Bang Bang', 'Karil Dogg', 'Breanne Powney', 16.09, 9, 100017),
        (1039, '7699806123', 'Lettera Amorosa', 'Nathanil Orvis', 'Berke Forton', 68.01, 6, 100018),
        (1040, '8790122992', 'Love''s Kitchen', 'Arny Rubee', 'Prudence Tipple', 52.69, 4, 100019),
        (1041, '1942735162', 'Alibi, The (Lies and Alibis)', 'Ingaberg Blainey', 'Jaymie Boggas', 30.45, 7, 100020),
        (1042, '3839252792', 'The Island', 'Livvyy Demeter', 'Ros Woodvine', 84.71, 7, 100000),
        (1043, '8291220603', 'Murder on Flight 502', 'Gabrila Godsmark', 'Aleda Spelsbury', 90.88, 8, 100001),
        (1044, '7789328093', 'Nickelodeon', 'Cyrille Gliddon', 'Carlie Gilmour', 66.17, 4, 100002),
        (1045, '6853841905', 'Idiot, The (Hakuchi)', 'Susy Mariel', 'Clarabelle Vlach', 62.80, 7, 100003),
        (1046, '1382010893', 'Bless Me, Ultima', 'Bernardo MacAnespie', 'Duky Hanhardt', 64.28, 8, 100004),
        (1047, '2142994881', 'Heart and Souls', 'Izabel Letixier', 'Hillie Gadsby', 48.84, 10, 100005),
        (1048, '4028662540', 'The Four Feathers', 'Blair Biset', 'Virgie Josskowitz', 43.88, 5, 100006),
        (1049, '3495413413', 'Hannibal Rising', 'Isaac Salerg', 'Quintina Paulin', 44.06, 1, 100007),
        (1050, '079358471X', 'Around the World in 80 Days', 'Michal Banasik', 'Hamil Holdey', 86.50, 1, 100008),
        (1051, '4635979466', 'Woman in Love (Rubbeldiekatz)', 'Mercy Stailey', 'Lindsey Balf', 60.35, 8, 100009),
        (1052, '1966917724', '6th Day, The', 'Isidore Brownhall', 'Charlene Burr', 95.63, 10, 100010),
        (1053, '2715035586', 'Torpedo Bombers (Torpedonostsy)', 'Louise Reese', 'Jenilee Hubner', 6.69, 6, 100011),
        (1054, '953863912X', 'Moloch (Molokh)', 'Burch Kimmitt', 'Maribel Lalonde', 89.30, 3, 100012),
        (1055, '104775536X', 'Hundred-Foot Journey, The', 'Herold Cannop', 'Essa Flanders', 10.86, 10, 100013),
        (1056, '0293963789', 'Calcium Kid, The', 'Cesar Uvedale', 'Aurlie Ussher', 88.86, 8, 100014),
        (1057, '7634306185', 'Muertos, Los', 'Des Fronczak', 'Jamey Jacobovitch', 5.93, 1, 100015),
        (1058, '7188042853', 'Skyjacked', 'Filippo Lismore', 'Leigh Humm', 97.95, 9, 100016),
        (1059, '5098604788', 'Doll''s House, A', 'Derrek Weyman', 'Pippa Wolfit', 55.66, 2, 100017),
        (1060, '5856556046', 'Facing Windows (Finestra di fronte, La)', 'Pablo Jorio', 'Sibley Ride', 47.63, 1, 100018),
        (1061, '3314271980', 'Wrong Arm of the Law, The', 'Merle Golby', 'Huey Sprionghall', 14.24, 10, 100019),
        (1062, '7016449246', 'Freaky Friday', 'Kirby Wornum', 'Brittany Maudling', 17.13, 5, 100020),
        (1063, '2411117213', 'PAY 2 PLAY: Democracy''s High Stakes', 'Brigid Salkeld', 'Vanessa Gare', 58.23, 8, 100000),
        (1064, '3210435022', 'Man from Nowhere, The (Ajeossi)', 'Analise Adolphine', 'Jorie Matisse', 48.73, 7, 100001),
        (1065, '6510336723', 'Illustrated Man, The', 'Abbey Whitcomb', 'Tanya Rowett', 21.91, 2, 100002),
        (1066, '7412282190', 'Pledge, The', 'Chancey Squibbs', 'Orlando Brok', 94.45, 3, 100003),
        (1067, '3455263615', 'Snipes', 'Jolee Syrett', 'Venus Tease', 70.89, 6, 100004),
        (1068, '5053661952', 'More Dead Than Alive', 'Bessy Boarleyson', 'Holly Rabjohn', 99.24, 2, 100005),
        (1069, '234414918X', 'Whistle Down the Wind', 'Laney Thorneloe', 'Jessamine Catlow', 48.73, 1, 100006),
        (1070, '0254431216', 'Davy Crockett, King of the Wild Frontier', 'Claudetta Poynzer', 'Malanie Brenton', 96.39, 10, 100007),
        (1071, '9602143290', 'Family Jewels, The (Eierdiebe)', 'Collette Nolin', 'Rebe Naulls', 64.62, 5, 100008),
        (1072, '5419200902', 'Illusionist, The', 'Linoel Jacob', 'Gertruda Gaskall', 13.48, 1, 100009),
        (1073, '2655634497', 'In China They Eat Dogs (I Kina spiser de hunde)', 'Matelda Sans', 'Sonnnie Loxly', 21.13, 4, 100010),
        (1074, '1923619748', 'Private Eyes, The', 'Hubie Jessop', 'Gerik Margrett', 98.40, 1, 100011),
        (1075, '1609116348', 'K-19: The Widowmaker', 'Gilda Klas', 'Amandi Oswald', 43.34, 7, 100012),
        (1076, '0854223525', 'Napoléon', 'Cary Smitheman', 'Leoline Sottell', 69.83, 3, 100013),
        (1077, '4025161826', 'This Is Spinal Tap', 'Holmes Rennie', 'Chiarra Harmer', 51.65, 1, 100014),
        (1078, '6335051443', 'Comebacks, The', 'Rod Hewkin', 'Prince Huncoot', 6.44, 3, 100015),
        (1079, '2744032980', 'Anaconda III', 'Raynell Giuron', 'Benedikt Pinnere', 90.12, 6, 100016),
        (1080, '0937453587', 'You''re Not You', 'Annette Frangione', 'Ashlie Rookes', 32.39, 6, 100017),
        (1081, '0634021648', 'Five Corners', 'Alexandre Erett', 'Moyna Woodford', 68.95, 4, 100018),
        (1082, '556963777X', 'Ever Since the World Ended', 'Corliss Lagadu', 'Mirella Normavill', 12.30, 7, 100019),
        (1083, '3057004229', 'Kolka Cool', 'Konstance Sainteau', 'Chrisse Hoston', 40.19, 3, 100020),
        (1084, '7242276780', 'Brain Donors', 'Marvin Tatton', 'Leshia Yglesia', 72.16, 2, 100000),
        (1085, '7550832536', 'Circus, The', 'Britni Gozney', 'Herculie Stoving', 51.24, 10, 100001),
        (1086, '2913660835', 'Running', 'Homer Guiso', 'Juana Shrimpling', 68.02, 2, 100002),
        (1087, '3161008200', 'Last Ride, The', 'Alvy Henrique', 'Ardeen Galbraith', 9.89, 7, 100003),
        (1088, '1413334288', 'Get on Up', 'Rosamund Ounsworth', 'Mab Majury', 82.00, 6, 100004),
        (1089, '6806961347', 'My Father the Hero', 'Olympie Brierley', 'Eliza Whyborne', 95.97, 4, 100005),
        (1090, '4203132207', 'Rollover', 'Clemence Colvin', 'Enrika Nutting', 69.99, 9, 100006),
        (1091, '1807114538', 'Alien Escape', 'Agna Goreisr', 'Westbrooke Batrim', 99.19, 5, 100007),
        (1092, '0310769655', 'Inspector Palmu''s Error (Komisario Palmun erehdys)', 'Carlita Danne', 'Jsandye Kernaghan', 97.56, 6, 100008),
        (1093, '3932084012', 'The Christmas Wish', 'Teodor Tomadoni', 'Gun Dray', 1.57, 6, 100009),
        (1094, '4989279239', 'Jacob''s Ladder', 'Justis Arter', 'Esmaria Kevlin', 87.16, 3, 100010),
        (1095, '0404060323', 'Dragon Ball Z: Bojack Unbound (Doragon bôru Z 9: Ginga girigiri!! Butchigiri no sugoi yatsu)', 'Ambur Tremoille', 'Talya Pearton', 35.40, 5, 100011),
        (1096, '7945058353', 'Lola Montès', 'Halley Tarbert', 'Brier Colloby', 74.75, 1, 100012),
        (1097, '2014159882', 'Othello (Tragedy of Othello: The Moor of Venice, The)', 'Elvina Lante', 'Raphael Theml', 29.83, 10, 100013),
        (1098, '3429323649', 'Mayerling', 'Billie Turl', 'Dorothy Matejka', 92.06, 10, 100014),
        (1099, '4275442970', 'Love in Bloom', 'Olivier Barck', 'Mordy Fildes', 76.46, 10, 100015),
        (1100, '4275442970', 'Love in Bloom', 'Olivier Barck', 'Mordy Fildes', 76.46, 1, 100021),
        (1101, '4275442970', 'Love in Bloom', 'Olivier Barck', 'Mordy Fildes', 76.46, 1, 100022);
